Nome,Conta,Cartão
Ana Souza,10001-1,****-****-****-7001
Bruno Souza,10002-2,****-****-****-7002
Carla Souza,10003-3,****-****-****-7003
Diego Souza,10004-4,****-****-****-7004
Fernanda Souza,10005-5,****-****-****-7005
Gustavo Souza,10006-6,****-****-****-7006
Helena Souza,10007-7,****-****-****-7007
Igor Souza,10008-8,****-****-****-7008
Juliana Souza,10009-9,****-****-****-7009
Kaique Souza,10010-0,****-****-****-7010
Larissa Souza,10011-1,****-****-****-7011
Marcos Souza,10012-2,****-****-****-7012
Natália Souza,10013-3,****-****-****-7013
Otávio Souza,10014-4,****-****-****-7014
Patrícia Souza,10015-5,****-****-****-7015
Rafael Souza,10016-6,****-****-****-7016
Sabrina Souza,10017-7,****-****-****-7017
Tiago Souza,10018-8,****-****-****-7018
Vanessa Souza,10019-9,****-****-****-7019
William Souza,10020-0,****-****-****-7020
Ana Lima,10021-1,****-****-****-7021
Bruno Lima,10022-2,****-****-****-7022
Carla Lima,10023-3,****-****-****-7023
Diego Lima,10024-4,****-****-****-7024
Fernanda Lima,10025-5,****-****-****-7025
Gustavo Lima,10026-6,****-****-****-7026
Helena Lima,10027-7,****-****-****-7027
Igor Lima,10028-8,****-****-****-7028
Juliana Lima,10029-9,****-****-****-7029
Kaique Lima,10030-0,****-****-****-7030
Larissa Lima,10031-1,****-****-****-7031
Marcos Lima,10032-2,****-****-****-7032
Natália Lima,10033-3,****-****-****-7033
Otávio Lima,10034-4,****-****-****-7034
Patrícia Lima,10035-5,****-****-****-7035
Rafael Lima,10036-6,****-****-****-7036
Sabrina Lima,10037-7,****-****-****-7037
Tiago Lima,10038-8,****-****-****-7038
Vanessa Lima,10039-9,****-****-****-7039
William Lima,10040-0,****-****-****-7040
Ana Mendes,10041-1,****-****-****-7041
Bruno Mendes,10042-2,****-****-****-7042
Carla Mendes,10043-3,****-****-****-7043
Diego Mendes,10044-4,****-****-****-7044
Fernanda Mendes,10045-5,****-****-****-7045
Gustavo Mendes,10046-6,****-****-****-7046
Helena Mendes,10047-7,****-****-****-7047
Igor Mendes,10048-8,****-****-****-7048
Juliana Mendes,10049-9,****-****-****-7049
Kaique Mendes,10050-0,****-****-****-7050
Larissa Mendes,10051-1,****-****-****-7051
Marcos Mendes,10052-2,****-****-****-7052
Natália Mendes,10053-3,****-****-****-7053
Otávio Mendes,10054-4,****-****-****-7054
Patrícia Mendes,10055-5,****-****-****-7055
Rafael Mendes,10056-6,****-****-****-7056
Sabrina Mendes,10057-7,****-****-****-7057
Tiago Mendes,10058-8,****-****-****-7058
Vanessa Mendes,10059-9,****-****-****-7059
William Mendes,10060-0,****-****-****-7060
Ana Alves,10061-1,****-****-****-7061
Bruno Alves,10062-2,****-****-****-7062
Carla Alves,10063-3,****-****-****-7063
Diego Alves,10064-4,****-****-****-7064
Fernanda Alves,10065-5,****-****-****-7065
Gustavo Alves,10066-6,****-****-****-7066
Helena Alves,10067-7,****-****-****-7067
Igor Alves,10068-8,****-****-****-7068
Juliana Alves,10069-9,****-****-****-7069
Kaique Alves,10070-0,****-****-****-7070
Larissa Alves,10071-1,****-****-****-7071
Marcos Alves,10072-2,****-****-****-7072
Natália Alves,10073-3,****-****-****-7073
Otávio Alves,10074-4,****-****-****-7074
Patrícia Alves,10075-5,****-****-****-7075
Rafael Alves,10076-6,****-****-****-7076
Sabrina Alves,10077-7,****-****-****-7077
Tiago Alves,10078-8,****-****-****-7078
Vanessa Alves,10079-9,****-****-****-7079
William Alves,10080-0,****-****-****-7080
Ana Rocha,10081-1,****-****-****-7081
Bruno Rocha,10082-2,****-****-****-7082
Carla Rocha,10083-3,****-****-****-7083
Diego Rocha,10084-4,****-****-****-7084
Fernanda Rocha,10085-5,****-****-****-7085
Gustavo Rocha,10086-6,****-****-****-7086
Helena Rocha,10087-7,****-****-****-7087
Igor Rocha,10088-8,****-****-****-7088
Juliana Rocha,10089-9,****-****-****-7089
Kaique Rocha,10090-0,****-****-****-7090
Larissa Rocha,10091-1,****-****-****-7091
Marcos Rocha,10092-2,****-****-****-7092
Natália Rocha,10093-3,****-****-****-7093
Otávio Rocha,10094-4,****-****-****-7094
Patrícia Rocha,10095-5,****-****-****-7095
Rafael Rocha,10096-6,****-****-****-7096
Sabrina Rocha,10097-7,****-****-****-7097
Tiago Rocha,10098-8,****-****-****-7098
Vanessa Rocha,10099-9,****-****-****-7099
William Rocha,10100-0,****-****-****-7100
